"Stars","Title","Entry ID","Entry Name","Date Added","Date Modified","PDB TITLE","PDB ID","PDB CRYST1 a","PDB CRYST1 b","PDB CRYST1 c","PDB CRYST1 alpha","PDB CRYST1 beta","PDB CRYST1 gamma","PDB CRYST1 Space Group","PDB CRYST1 z","PDB CLASSIFICATION","PDB DEPOSITION DATE","PDB format version","PDB R","PDB Rfree","PDB RESOLUTION","PDB EXPDTA","PDB EXPDTA TEMPERATURE","PDB EXPDTA PH","PDB REMARK 350 Biomolecule 1 Transform 1 Chains","PDB REMARK 350 Biomolecule 1 Transform 1 Matrix 1","Source Path","Source File","Source File Index","entry id backup","prepared","prepared with version","assigned bond orders","added hydrogens","treated metals","created disulfur","converted selenomethionines","EXECUTE FUNCTION Input Structure Hash","het states","ran protassign","deleted far waters","Potential Energy-S-OPLS","RMS Derivative-S-OPLS","Max Derivative-S-OPLS","Stretch Energy-S-OPLS","Bend Energy-S-OPLS","LJ-14 Energy-S-OPLS","El-14 Energy-S-OPLS","Van der Waals Energy-S-OPLS","Electrostatic Energy-S-OPLS","Dihedral Energy-S-OPLS","target temperature","ran impref","source file","source file index","mmshare version","input","cmdline","Ionization Penalty","Ionization Penalty Charging","Ionization Penalty Neutral","State Penalty","Charging Adjusted Penalty","Tot Q","Tot abs Q","Chemistry Notes","flags","Force Field","Energy","Chiralities Consistent","Variant","Job Name","grid version","gridbox xcent","gridbox ycent","gridbox zcent","gridbox xrange","gridbox yrange","gridbox zrange","gridbox ligxrange","gridbox ligyrange","gridbox ligzrange","grid type","receptor","glide gridfile","glide lignum","glide rotatable bonds","docking score","glide ligand efficiency","glide ligand efficiency sa","glide ligand efficiency ln","glide gscore","glide lipo","glide hbond","glide metal","glide rewards","glide evdw","glide ecoul","glide erotb","glide esite","glide emodel","glide energy","glide einternal","glide confnum","glide posenum","glide eff state penalty","Mark","box ax","box ay","box az","box bx","box by","box bz","box cx","box cy","box cz","ct type","original cms file","chembl_id","chembl_pref_name","chiral flag","version","tautomer probability","frame"
,"tgfb_control_docked","2638","5e8x.1 5e8x.1_ligand","2021-08-27 11:15:40","2021-08-27 11:16:12","TGF-BETA RECEPTOR TYPE 1 KINASE DOMAIN (T204D,I211V,Y249F,S280T, Y282F,S287N,A350C,L352F) IN COMPLEX WITH STAUROSPORINE","5E8X",49.880,61.150,85.500,90.000,90.000,90.000,"P 21 21 21",4,"TRANSFERASE/TRANSFERASE INHIBITOR","14-OCT-15","3.30",0.190,0.210,1.450,"X-RAY DIFFRACTION",100.000,5.600,"A","1.000000 0.000000 0.000000   0.000000;0.000000 1.000000 0.000000   0.000000;0.000000 0.000000 1.000000   0.000000","/home/dell15/KING/Projects/202107_dnndr2/DNNDR2_MD/structures/new_proteins","5e8x.pdb",1,"19",true,"2021-1",true,true,true,true,true,"51cff02b486aac281d851ea4dd7a8f4f27a4d9bd9096c849bbe71f1f","eJztlL1SwzAQhF9F45ZgdOcfWUlHRctQMikygYqQUJiCyeTdkVe5rG0KOgomqXY+rbWnk3LHQoqle04/1dgsnF8v3CBbykDZUUaTlfeUQqmUFWVN2VC2lIGyo2SaME2YJkwTpgnThGnCNGGaME2YpkxTpinTlGnKNGWaMk2ZpkxTpA36fAW5+3Lu8wDQYgMtHGEKkGggwNERdABxClCDgThPAdBLHVjL9zsFSqAA1QyIJ6jgSG3SCejoqAGaGdARyP1ouQeARDrQDx9mQEYgWKyOgYxS0CA/2jTaWXQC6osDa3iSBgRAL59I7gcbJJXtYY58FnZd5qVLrpSlS74oPwcsDGt4vVPA0yoqVVYKiadtjso2NUd+dCxM85NCxxKRsmnq5Dme0uMu67pJnxZP/aZ/dR+v+82u/1rC4962m93d+2G3cg+394f9i9sePvd9Wly5x6XzBf4X19n017PJbvU6m66z6b/NJl/6OKBhNkkZfdCfs2nw/DKbbqRYr0/f69ftyg==",true,true,-1306.082,0.108,1.402,146.016,644.631,1453.774,416.695,-2990.624,-1551.691,539.572,298.000,true,"ligprep_tgfb_control.maegz",1,53161,"W0NIM11PW0NAQEhdMVtDQEhdKFtOSF1bQ0gzXSlbQ0gyXVtDQEBIXShPMiluM2MoW2NIXVtjSF1bY0hdW2NIXTQpYzRjKGMzYzVuNltDQF0xMltDSDNdKWM3YyhbQ0gyXVtOSF1DNz1PKWM1YzhjNltjSF1bY0hdW2NIXVtjSF04","J2VwaWtfcHl0aG9uJywgJy1waCcsICc3LjAnLCAnLXRuJywgJzgnLCAnLW1hJywgJzUwMCcsICctaW1hZScsICc8aW5maWxlLm1hZT4nLCAnLW9tYWUnLCAnPG91dGZpbGUubWFlPic=",0.0560,0.0560,0.0000,0.0482,0.104,1,1,"This compound contains an acetal/aminal-like group ( X-CH(R)-Y where X, Y are N, S, or O) that may be acid/base labile, releasing an aldehyde.",0,"S-OPLS",108.420,true,"5E8X_ligand-2","glide-dock_SP_tgfb_alphafold",90161,2.657,4.316,-10.439,24.466,24.466,24.466,10.000,10.000,10.000,"glide",true,"glide-grid_tgfb",2,2,-10.555,-0.302,-0.986,-2.317,-10.604,-4.685,-0.608,0.000,-1.989,-52.136,-4.771,0.000,0.000,-91.990,-56.906,0.214,1,343,0.048,,,,,,,,,,,"","","","",,,,
,"ligprep_tgfb_alphafold.maegz:8","2639","tgfb_alphafold.8","2021-08-27 11:15:40","2021-08-27 11:16:11","","",,,,,,,"",,"","","",,,,"",,,"","","/home/dell15/KING/Projects/202107_dnndr2/DNNDR2_MD_TGFB/structures/tgfb_alphafold","tgfb_alphafold.sdf",8,"",,"",,,,,,"","",,,,,,,,,,,,,,,"ligprep_tgfb_alphafold.maegz",8,53161,"W05IMl1jMW5bY0hdbmMoYzEyKW4oW0NAQEhdM1tDSDJdW0NIMl1PW0NIMl0zKW5jMi1jNFtjSF1jKFtPSF0pYyhDbClbY0hdW2NIXTQ=","J2VwaWtfcHl0aG9uJywgJy1waCcsICc3LjAnLCAnLXRuJywgJzgnLCAnLW1hJywgJzUwMCcsICctaW1hZScsICc8aW5maWxlLm1hZT4nLCAnLW9tYWUnLCAnPG91dGZpbGUubWFlPic=",0.0334,0.0000,0.0334,0.0272,0.027,0,0,"",0,"S-OPLS",18.977,true,"ligprep_tgfb_alphafold.maegz:8-1","glide-dock_SP_tgfb_alphafold",,,,,,,,,,,"",,"glide-grid_tgfb2",11,3,-10.164,-0.442,-1.257,-2.458,-10.191,-3.078,-0.800,0.000,-2.957,-40.531,-11.146,0.342,0.000,-80.822,-51.677,2.288,39,323,0.027,,,,,,,,,,,"","","CHEMBL1241768","None",false,0,1.000,
,"ligprep_tgfb_alphafold.maegz:3","2640","tgfb_alphafold.3","2021-08-27 11:15:40","2021-08-27 11:15:56","","",,,,,,,"",,"","","",,,,"",,,"","","/home/dell15/KING/Projects/202107_dnndr2/DNNDR2_MD_TGFB/structures/tgfb_alphafold","tgfb_alphafold.sdf",3,"",,"",,,,,,"","",,,,,,,,,,,,,,,"ligprep_tgfb_alphafold.maegz",3,53161,"W05IMl1jMW5bY0hdbmMoYzEyKW4oW0NASF0zW0NIMl1bQ0gyXU9bQ0gyXTMpbmMyLWM0W2NIXWMoW09IXSljKENsKVtjSF1bY0hdNA==","J2VwaWtfcHl0aG9uJywgJy1waCcsICc3LjAnLCAnLXRuJywgJzgnLCAnLW1hJywgJzUwMCcsICctaW1hZScsICc8aW5maWxlLm1hZT4nLCAnLW9tYWUnLCAnPG91dGZpbGUubWFlPic=",0.0334,0.0000,0.0334,0.0272,0.027,0,0,"",0,"S-OPLS",19.187,true,"ligprep_tgfb_alphafold.maegz:3-1","glide-dock_SP_tgfb_alphafold",,,,,,,,,,,"",,"glide-grid_tgfb2",4,3,-9.751,-0.424,-1.206,-2.358,-9.779,-3.192,-0.722,0.000,-2.553,-42.366,-10.236,0.342,0.000,-80.621,-52.602,2.339,37,58,0.027,,,,,,,,,,,"","","CHEMBL1241678","None",false,0,1.000,
,"ligprep_tgfb_alphafold.maegz:4","2641","tgfb_alphafold.4","2021-08-27 11:15:40","2021-08-27 11:15:59","","",,,,,,,"",,"","","",,,,"",,,"","","/home/dell15/KING/Projects/202107_dnndr2/DNNDR2_MD_TGFB/structures/tgfb_alphafold","tgfb_alphafold.sdf",4,"",,"",,,,,,"","",,,,,,,,,,,,,,,"ligprep_tgfb_alphafold.maegz",4,53161,"W0NIM11TKD1PKSg9TylbQ0gyXVtDSDJdTihbQ0gyXUMjTilbQ0gyXWMxW2NIXVtjSF1jKG8xKS1jKFtjSF1bY0hdMilbY0hdYyhjMjMpYyhuW2NIXW4zKVtOSF1jNFtjSF1bY0hdYyhjKENsKVtjSF00KU9bQ0gyXWM1W2NIXVtjSF1bY0hdYyhGKVtjSF01","J2VwaWtfcHl0aG9uJywgJy1waCcsICc3LjAnLCAnLXRuJywgJzgnLCAnLW1hJywgJzUwMCcsICctaW1hZScsICc8aW5maWxlLm1hZT4nLCAnLW9tYWUnLCAnPG91dGZpbGUubWFlPic=",0.0009,0.0000,0.0009,0.0003,0.000,0,0,"",0,"S-OPLS",34.343,true,"ligprep_tgfb_alphafold.maegz:4-1","glide-dock_SP_tgfb_alphafold",,,,,,,,,,,"",,"glide-grid_tgfb2",6,12,-8.843,-0.206,-0.721,-1.857,-8.844,-3.908,-0.337,0.000,0.000,-50.804,-13.963,0.417,-0.381,-99.333,-64.766,6.148,279,365,0.000,,,,,,,,,,,"","","CHEMBL384407","GW616030X",false,0,1.000,
,"ligprep_tgfb_alphafold.maegz:11","2642","tgfb_alphafold.11","2021-08-27 11:15:40","2021-08-27 11:15:40","","",,,,,,,"",,"","","",,,,"",,,"","","/home/dell15/KING/Projects/202107_dnndr2/DNNDR2_MD_TGFB/structures/tgfb_alphafold","tgfb_alphafold.sdf",11,"",,"",,,,,,"","",,,,,,,,,,,,,,,"ligprep_tgfb_alphafold.maegz",11,53161,"W0NIMl0xW0NIMl1PW0NIMl1bQ0gyXU4xW0NIMl1DI0NDKD1PKVtOSF1jKFtjSF0yKW5bY0hdYyhjMjMpbltjSF1uYzNbTkhdYzRbY0hdW2NIXWMoRiljKENsKVtjSF00","J2VwaWtfcHl0aG9uJywgJy1waCcsICc3LjAnLCAnLXRuJywgJzgnLCAnLW1hJywgJzUwMCcsICctaW1hZScsICc8aW5maWxlLm1hZT4nLCAnLW9tYWUnLCAnPG91dGZpbGUubWFlPic=",0.0002,0.0000,0.0002,0.0000,0.000,0,0,"",0,"S-OPLS",38.983,true,"ligprep_tgfb_alphafold.maegz:11-1","glide-dock_SP_tgfb_alphafold",,,,,,,,,,,"",,"glide-grid_tgfb2",17,7,-8.793,-0.284,-0.891,-1.983,-8.793,-3.102,-0.866,0.000,-1.727,-43.407,-10.076,0.617,-0.033,-81.662,-53.483,3.605,1,318,0.000,,,,,,,,,,,"","","CHEMBL202556","None",false,0,1.000,
,"ligprep_tgfb_alphafold.maegz:28","2643","tgfb_alphafold.28","2021-08-27 11:15:40","2021-08-27 11:15:40","","",,,,,,,"",,"","","",,,,"",,,"","","/home/dell15/KING/Projects/202107_dnndr2/DNNDR2_MD_TGFB/structures/tgfb_alphafold","tgfb_alphafold.sdf",28,"",,"",,,,,,"","",,,,,,,,,,,,,,,"ligprep_tgfb_alphafold.maegz",28,53161,"W09IXWMxW2NIXVtjSF1bY0hdYyhDKD1PKVtPSF0pYzFDKD1PKWMyYyhbT0hdKVtjSF1jKFtjSF1jMltPSF0pQyg9TylPW0NASF0oW0NIMl1bQ0BIXShbQ0gyXTMpW09IXSlbQ0BIXTNbTkhdQyg9TyljNFtjSF1bY0hdYyhbT0hdKVtjSF1bY0hdNA==","J2VwaWtfcHl0aG9uJywgJy1waCcsICc3LjAnLCAnLXRuJywgJzgnLCAnLW1hJywgJzUwMCcsICctaW1hZScsICc8aW5maWxlLm1hZT4nLCAnLW9tYWUnLCAnPG91dGZpbGUubWFlPic=",0.3268,0.2727,0.0541,0.3052,0.578,-2,2,"This compound has an ester and may undergo hydrolysis at high or low pH.",0,"S-OPLS",57.950,true,"ligprep_tgfb_alphafold.maegz:28-1","glide-dock_SP_tgfb_alphafold",,,,,,,,,,,"",,"glide-grid_tgfb2",42,13,-8.676,-0.222,-0.754,-1.860,-8.982,-3.544,-0.477,0.000,-0.616,-54.648,-14.567,0.576,-0.003,-113.338,-69.215,10.745,584,346,0.305,,,,,,,,,,,"","","CHEMBL1794808","None",false,0,1.000,
,"ligprep_tgfb_alphafold.maegz:28","2644","tgfb_alphafold.28","2021-08-27 11:15:40","2021-08-27 11:15:40","","",,,,,,,"",,"","","",,,,"",,,"","","/home/dell15/KING/Projects/202107_dnndr2/DNNDR2_MD_TGFB/structures/tgfb_alphafold","tgfb_alphafold.sdf",28,"",,"",,,,,,"","",,,,,,,,,,,,,,,"ligprep_tgfb_alphafold.maegz",28,53161,"W09IXWMxW2NIXVtjSF1bY0hdYyhDKD1PKVtPSF0pYzFDKD1PKWMyYyhbT0hdKVtjSF1jKFtjSF1jMltPSF0pQyg9TylPW0NASF0oW0NIMl1bQ0BIXShbQ0gyXTMpW09IXSlbQ0BIXTNbTkhdQyg9TyljNFtjSF1bY0hdYyhbT0hdKVtjSF1bY0hdNA==","J2VwaWtfcHl0aG9uJywgJy1waCcsICc3LjAnLCAnLXRuJywgJzgnLCAnLW1hJywgJzUwMCcsICctaW1hZScsICc8aW5maWxlLm1hZT4nLCAnLW9tYWUnLCAnPG91dGZpbGUubWFlPic=",0.6428,0.0002,0.6426,0.6450,0.645,-1,1,"This compound has an ester and may undergo hydrolysis at high or low pH.",0,"S-OPLS",43.125,true,"ligprep_tgfb_alphafold.maegz:28-2","glide-dock_SP_tgfb_alphafold",,,,,,,,,,,"",,"glide-grid_tgfb2",43,14,-8.663,-0.222,-0.753,-1.858,-9.308,-3.330,-0.452,0.000,-0.650,-41.536,-21.991,0.574,-0.076,-100.099,-63.527,7.570,723,189,0.645,,,,,,,,,,,"","","CHEMBL1794808","None",false,0,1.000,
,"ligprep_tgfb_alphafold.maegz:17","2645","tgfb_alphafold.17","2021-08-27 11:15:40","2021-08-27 11:15:40","","",,,,,,,"",,"","","",,,,"",,,"","","/home/dell15/KING/Projects/202107_dnndr2/DNNDR2_MD_TGFB/structures/tgfb_alphafold","tgfb_alphafold.sdf",17,"",,"",,,,,,"","",,,,,,,,,,,,,,,"ligprep_tgfb_alphafold.maegz",17,53161,"W0NIM11PXE49W0NIXVxjMWMoW05IMl0pbltjSF1uYzFbTkhdYyhbY0hdW2NIXTIpW2NIXWMoYzIzKVtjSF1ubjNbQ0gyXWM0W2NIXVtjSF1jKEYpW2NIXVtjSF00","J2VwaWtfcHl0aG9uJywgJy1waCcsICc3LjAnLCAnLXRuJywgJzgnLCAnLW1hJywgJzUwMCcsICctaW1hZScsICc8aW5maWxlLm1hZT4nLCAnLW9tYWUnLCAnPG91dGZpbGUubWFlPic=",0.0012,0.0000,0.0012,0.0008,0.001,0,0,"This compound has an imine and may undergo hydrolysis.",0,"S-OPLS",35.039,true,"ligprep_tgfb_alphafold.maegz:17-1","glide-dock_SP_tgfb_alphafold",,,,,,,,,,,"",,"glide-grid_tgfb2",24,6,-8.498,-0.293,-0.900,-1.946,-8.499,-3.669,-0.836,0.000,-1.795,-45.998,-4.258,0.764,-0.025,-71.808,-50.255,6.532,19,378,0.001,,,,,,,,,,,"","","CHEMBL256527","None",false,0,1.000,
,"ligprep_tgfb_alphafold.maegz:2","2646","tgfb_alphafold.2","2021-08-27 11:15:40","2021-08-27 11:15:40","","",,,,,,,"",,"","","",,,,"",,,"","","/home/dell15/KING/Projects/202107_dnndr2/DNNDR2_MD_TGFB/structures/tgfb_alphafold","tgfb_alphafold.sdf",2,"",,"",,,,,,"","",,,,,,,,,,,,,,,"ligprep_tgfb_alphafold.maegz",2,53161,"W0NIM11PXE49W0NIXVxjMWMoW05IMl0pbltjSF1uYzFbTkhdYyhbY0hdW2NIXTIpW2NIXWMoYzIzKVtjSF1bY0hdbjNbQ0gyXWM0W2NIXWMoRilbY0hdW2NIXVtjSF00","J2VwaWtfcHl0aG9uJywgJy1waCcsICc3LjAnLCAnLXRuJywgJzgnLCAnLW1hJywgJzUwMCcsICctaW1hZScsICc8aW5maWxlLm1hZT4nLCAnLW9tYWUnLCAnPG91dGZpbGUubWFlPic=",0.0012,0.0000,0.0012,0.0008,0.001,0,0,"This compound has an imine and may undergo hydrolysis.",0,"S-OPLS",38.358,true,"ligprep_tgfb_alphafold.maegz:2-1","glide-dock_SP_tgfb_alphafold",,,,,,,,,,,"",,"glide-grid_tgfb2",3,6,-8.454,-0.292,-0.896,-1.936,-8.454,-3.731,-0.834,0.000,-1.743,-45.904,-3.947,0.768,-0.027,-71.186,-49.850,8.672,85,55,0.001,,,,,,,,,,,"","","CHEMBL257816","None",false,0,,
,"ligprep_tgfb_alphafold.maegz:23","2647","tgfb_alphafold.23","2021-08-27 11:15:40","2021-08-27 11:15:40","","",,,,,,,"",,"","","",,,,"",,,"","","/home/dell15/KING/Projects/202107_dnndr2/DNNDR2_MD_TGFB/structures/tgfb_alphafold","tgfb_alphafold.sdf",23,"",,"",,,,,,"","",,,,,,,,,,,,,,,"ligprep_tgfb_alphafold.maegz",23,53161,"W0NIMl0xW0NIMl1OKEMoPU8pW0NIM10pW0NIMl1bQ0gyXU4xYzJbY0hdYyhPW0NIM10pYyhbY0hdW2NIXTIpW05IXWMzbltjSF1jKENsKWMobjMpLWM0W2NIXW5jKG40NSljKEMjTilbY0hdW2NIXVtjSF01","J2VwaWtfcHl0aG9uJywgJy1waCcsICc3LjAnLCAnLXRuJywgJzgnLCAnLW1hJywgJzUwMCcsICctaW1hZScsICc8aW5maWxlLm1hZT4nLCAnLW9tYWUnLCAnPG91dGZpbGUubWFlPic=",0.0127,0.0000,0.0127,0.0099,0.010,0,0,"",0,"S-OPLS",72.234,true,"ligprep_tgfb_alphafold.maegz:23-1","glide-dock_SP_tgfb_alphafold",,,,,,,,,,,"",,"glide-grid_tgfb2",34,6,-8.378,-0.233,-0.768,-1.828,-8.388,-3.157,-0.160,0.000,-1.783,-55.060,-5.021,0.323,-0.105,-85.907,-60.081,6.761,86,116,0.010,,,,,,,,,,,"","","CHEMBL1809203","None",false,0,1.000,
,"ligprep_tgfb_alphafold.maegz:20","2648","tgfb_alphafold.20","2021-08-27 11:15:40","2021-08-27 11:15:40","","",,,,,,,"",,"","","",,,,"",,,"","","/home/dell15/KING/Projects/202107_dnndr2/DNNDR2_MD_TGFB/structures/tgfb_alphafold","tgfb_alphafold.sdf",20,"",,"",,,,,,"","",,,,,,,,,,,,,,,"ligprep_tgfb_alphafold.maegz",20,53161,"W09IXWMxYyhbTitdKD1PKVtPLV0pW2NIXWMoW2NIXVtjSF0xKVtOSF1jKG5bY0hdbjIpYyhjMjMpc2M0YzNuW2NIXVtjSF1bY0hdNA==","J2VwaWtfcHl0aG9uJywgJy1waCcsICc3LjAnLCAnLXRuJywgJzgnLCAnLW1hJywgJzUwMCcsICctaW1hZScsICc8aW5maWxlLm1hZT4nLCAnLW9tYWUnLCAnPG91dGZpbGUubWFlPic=",0.0701,0.0000,0.0701,0.0615,0.061,0,2,"",0,"S-OPLS",41.115,true,"ligprep_tgfb_alphafold.maegz:20-1","glide-dock_SP_tgfb_alphafold",,,,,,,,,,,"",,"glide-grid_tgfb2",28,4,-8.334,-0.347,-1.002,-1.995,-8.396,-3.426,0.000,0.000,-2.697,-47.408,-1.539,0.329,0.000,-71.350,-48.948,3.351,6,280,0.061,,,,,,,,,,,"","","CHEMBL2153540","None",false,0,,
,"ligprep_tgfb_alphafold.maegz:1","2649","tgfb_alphafold.1","2021-08-27 11:15:40","2021-08-27 11:15:40","","",,,,,,,"",,"","","",,,,"",,,"","","/home/dell15/KING/Projects/202107_dnndr2/DNNDR2_MD_TGFB/structures/tgfb_alphafold","tgfb_alphafold.sdf",1,"",,"",,,,,,"","",,,,,,,,,,,,,,,"ligprep_tgfb_alphafold.maegz",1,53161,"W0NIM11OKFtDSDNdKWMxW2NIXVtjSF1jKFtjSF1bY0hdMSlDKD1DMltDSF09W0NIXUMoPVtOK10oW0NIM10pW0NIM10pW0NIXT1bQ0hdMiljM1tjSF1bY0hdYyhbY0hdW2NIXTMpTihbQ0gzXSlbQ0gzXQ==","J2VwaWtfcHl0aG9uJywgJy1waCcsICc3LjAnLCAnLXRuJywgJzgnLCAnLW1hJywgJzUwMCcsICctaW1hZScsICc8aW5maWxlLm1hZT4nLCAnLW9tYWUnLCAnPG91dGZpbGUubWFlPic=",0.0162,0.0000,0.0162,0.0128,0.013,1,1,"This compound has an imine and may undergo hydrolysis.",0,"S-OPLS",98.065,true,"ligprep_tgfb_alphafold.maegz:1-1","glide-dock_SP_tgfb_alphafold",,,,,,,,,,,"",,"glide-grid_tgfb2",1,4,-8.052,-0.288,-0.873,-1.859,-8.065,-3.658,0.000,0.000,-2.062,-37.918,-4.851,0.278,0.000,-62.032,-42.768,3.687,4,179,0.013,,,,,,,,,,,"","","CHEMBL1852770","None",false,0,,
,"ligprep_tgfb_alphafold.maegz:15","2650","tgfb_alphafold.15","2021-08-27 11:15:40","2021-08-27 11:15:40","","",,,,,,,"",,"","","",,,,"",,,"","","/home/dell15/KING/Projects/202107_dnndr2/DNNDR2_MD_TGFB/structures/tgfb_alphafold","tgfb_alphafold.sdf",15,"",,"",,,,,,"","",,,,,,,,,,,,,,,"ligprep_tgfb_alphafold.maegz",15,53161,"W0NIXTE9W0NIXUMoPVtOK10oW0NIM10pW0NIM10pW0NIXT1bQ0hdQzE9QyhjMltjSF1bY0hdYyhOKFtDSDNdKVtDSDNdKVtjSF1bY0hdMiljM1tjSF1bY0hdYyhOKFtDSDNdKVtDSDNdKVtjSF1bY0hdMw==","J2VwaWtfcHl0aG9uJywgJy1waCcsICc3LjAnLCAnLXRuJywgJzgnLCAnLW1hJywgJzUwMCcsICctaW1hZScsICc8aW5maWxlLm1hZT4nLCAnLW9tYWUnLCAnPG91dGZpbGUubWFlPic=",0.0162,0.0000,0.0162,0.0128,0.013,1,1,"This compound has an imine and may undergo hydrolysis.",0,"S-OPLS",98.535,true,"ligprep_tgfb_alphafold.maegz:15-1","glide-dock_SP_tgfb_alphafold",,,,,,,,,,,"",,"glide-grid_tgfb2",21,4,-8.052,-0.288,-0.873,-1.859,-8.065,-3.658,0.000,0.000,-2.062,-37.918,-4.851,0.278,0.000,-62.032,-42.768,3.687,4,179,0.013,,,,,,,,,,,"","","CHEMBL1790020","None",false,0,,
,"ligprep_tgfb_alphafold.maegz:9","2651","tgfb_alphafold.9","2021-08-27 11:15:40","2021-08-27 11:15:40","","",,,,,,,"",,"","","",,,,"",,,"","","/home/dell15/KING/Projects/202107_dnndr2/DNNDR2_MD_TGFB/structures/tgfb_alphafold","tgfb_alphafold.sdf",9,"",,"",,,,,,"","",,,,,,,,,,,,,,,"ligprep_tgfb_alphafold.maegz",9,53161,"W0NIMl0xW0NIMl1OKEMoPU8pW0NIM10pW0NIMl1bQ0gyXU4xYzJbY0hdYyhPW0NIM10pYyhbY0hdW2NIXTIpW05IXWMzbltjSF1jKENsKWMobjMpLWM0W2NIXW5jKG40NSlbY0hdYyhDI04pW2NIXVtjSF01","J2VwaWtfcHl0aG9uJywgJy1waCcsICc3LjAnLCAnLXRuJywgJzgnLCAnLW1hJywgJzUwMCcsICctaW1hZScsICc8aW5maWxlLm1hZT4nLCAnLW9tYWUnLCAnPG91dGZpbGUubWFlPic=",0.0128,0.0001,0.0127,0.0099,0.010,0,0,"",0,"S-OPLS",70.885,true,"ligprep_tgfb_alphafold.maegz:9-1","glide-dock_SP_tgfb_alphafold",,,,,,,,,,,"",,"glide-grid_tgfb2",13,6,-7.947,-0.221,-0.729,-1.734,-7.957,-3.347,0.000,0.000,-1.396,-58.790,-2.990,0.323,-0.149,-87.875,-61.779,6.555,8,345,0.010,,,,,,,,,,,"","","CHEMBL1809221","None",false,0,1.000,
,"ligprep_tgfb_alphafold.maegz:10","2652","tgfb_alphafold.10","2021-08-27 11:15:40","2021-08-27 11:15:40","","",,,,,,,"",,"","","",,,,"",,,"","","/home/dell15/KING/Projects/202107_dnndr2/DNNDR2_MD_TGFB/structures/tgfb_alphafold","tgfb_alphafold.sdf",10,"",,"",,,,,,"","",,,,,,,,,,,,,,,"ligprep_tgfb_alphafold.maegz",10,53161,"W09IXWMxYyhbTitdKD1PKVtPLV0pW2NIXWMoW2NIXVtjSF0xKVtOSF1jKG5bY0hdbjIpYyhjMjMpc2M0YzNbY0hdW2NIXVtjSF1uNA==","J2VwaWtfcHl0aG9uJywgJy1waCcsICc3LjAnLCAnLXRuJywgJzgnLCAnLW1hJywgJzUwMCcsICctaW1hZScsICc8aW5maWxlLm1hZT4nLCAnLW9tYWUnLCAnPG91dGZpbGUubWFlPic=",0.0701,0.0000,0.0701,0.0615,0.061,0,2,"",0,"S-OPLS",39.470,true,"ligprep_tgfb_alphafold.maegz:10-1","glide-dock_SP_tgfb_alphafold",,,,,,,,,,,"",,"glide-grid_tgfb2",15,4,-7.904,-0.329,-0.950,-1.892,-7.965,-3.166,0.000,0.000,-1.946,-44.516,-5.714,0.230,0.000,-72.483,-50.230,2.141,1,365,0.061,,,,,,,,,,,"","","CHEMBL2153530","None",false,0,,
,"ligprep_tgfb_alphafold.maegz:12","2653","tgfb_alphafold.12","2021-08-27 11:15:40","2021-08-27 11:15:40","","",,,,,,,"",,"","","",,,,"",,,"","","/home/dell15/KING/Projects/202107_dnndr2/DNNDR2_MD_TGFB/structures/tgfb_alphafold","tgfb_alphafold.sdf",12,"",,"",,,,,,"","",,,,,,,,,,,,,,,"ligprep_tgfb_alphafold.maegz",12,53161,"W2NIXTFjKEYpW2NIXVtjSF1bY0hdYzFbQ0gyXW4obltjSF0yKWMoYzIzKVtjSF1bY0hdYyhbY0hdMylbTkhdYzRuW2NIXW5jKFtOSDJdKWM0L1tDSF09Ti9PW0NIM10=","J2VwaWtfcHl0aG9uJywgJy1waCcsICc3LjAnLCAnLXRuJywgJzgnLCAnLW1hJywgJzUwMCcsICctaW1hZScsICc8aW5maWxlLm1hZT4nLCAnLW9tYWUnLCAnPG91dGZpbGUubWFlPic=",0.0012,0.0000,0.0012,0.0008,0.001,0,0,"This compound has an imine and may undergo hydrolysis.",0,"S-OPLS",34.651,true,"ligprep_tgfb_alphafold.maegz:12-1","glide-dock_SP_tgfb_alphafold",,,,,,,,,,,"",,"glide-grid_tgfb2",18,6,-7.853,-0.271,-0.832,-1.798,-7.854,-3.594,-0.545,0.000,-1.742,-46.856,-2.452,0.764,-0.026,-67.354,-49.309,10.676,71,139,0.001,,,,,,,,,,,"","","CHEMBL255871","None",false,0,1.000,
,"ligprep_tgfb_alphafold.maegz:3","2654","tgfb_alphafold.3","2021-08-27 11:15:40","2021-08-27 11:15:40","","",,,,,,,"",,"","","",,,,"",,,"","","/home/dell15/KING/Projects/202107_dnndr2/DNNDR2_MD_TGFB/structures/tgfb_alphafold","tgfb_alphafold.sdf",3,"",,"",,,,,,"","",,,,,,,,,,,,,,,"ligprep_tgfb_alphafold.maegz",3,53161,"W05IMl1jMW5bY0hdbmMoYzEyKW4oW0NASF0zW0NIMl1bQ0gyXU9bQ0gyXTMpbmMyLWM0W2NIXWMoW09IXSljKENsKVtjSF1bY0hdNA==","J2VwaWtfcHl0aG9uJywgJy1waCcsICc3LjAnLCAnLXRuJywgJzgnLCAnLW1hJywgJzUwMCcsICctaW1hZScsICc8aW5maWxlLm1hZT4nLCAnLW9tYWUnLCAnPG91dGZpbGUubWFlPic=",1.7311,1.7305,0.0006,1.8388,3.569,-1,1,"",0,"S-OPLS",22.624,true,"ligprep_tgfb_alphafold.maegz:3-2","glide-dock_SP_tgfb_alphafold",,,,,,,,,,,"",,"glide-grid_tgfb2",5,2,-7.734,-0.336,-0.956,-1.870,-9.572,-3.510,-0.397,0.000,-2.930,-42.127,-6.485,0.344,0.000,-75.806,-48.612,2.319,47,230,1.839,,,,,,,,,,,"","","CHEMBL1241678","None",false,0,,
,"ligprep_tgfb_alphafold.maegz:25","2655","tgfb_alphafold.25","2021-08-27 11:15:40","2021-08-27 11:15:40","","",,,,,,,"",,"","","",,,,"",,,"","","/home/dell15/KING/Projects/202107_dnndr2/DNNDR2_MD_TGFB/structures/tgfb_alphafold","tgfb_alphafold.sdf",25,"",,"",,,,,,"","",,,,,,,,,,,,,,,"ligprep_tgfb_alphafold.maegz",25,53161,"W0NIMl0xW0NIMl1OKEMoPU8pW0NIM10pW0NIMl1bQ0gyXU4xYzJbY0hdYyhPW0NIM10pYyhbY0hdW2NIXTIpW05IXWMzbltjSF1jKENsKWMobjMpLWM0W2NIXW5jKG40NSljKEYpW2NIXWMoRilbY0hdNQ==","J2VwaWtfcHl0aG9uJywgJy1waCcsICc3LjAnLCAnLXRuJywgJzgnLCAnLW1hJywgJzUwMCcsICctaW1hZScsICc8aW5maWxlLm1hZT4nLCAnLW9tYWUnLCAnPG91dGZpbGUubWFlPic=",0.0128,0.0001,0.0127,0.0099,0.010,0,0,"",0,"S-OPLS",68.129,true,"ligprep_tgfb_alphafold.maegz:25-1","glide-dock_SP_tgfb_alphafold",,,,,,,,,,,"",,"glide-grid_tgfb2",37,6,-7.695,-0.214,-0.706,-1.679,-7.705,-2.797,-0.223,0.000,-1.435,-52.312,-6.094,0.311,-0.031,-82.251,-58.406,5.488,18,59,0.010,,,,,,,,,,,"","","CHEMBL1809229","None",false,0,1.000,
,"ligprep_tgfb_alphafold.maegz:21","2656","tgfb_alphafold.21","2021-08-27 11:15:40","2021-08-27 11:15:40","","",,,,,,,"",,"","","",,,,"",,,"","","/home/dell15/KING/Projects/202107_dnndr2/DNNDR2_MD_TGFB/structures/tgfb_alphafold","tgfb_alphafold.sdf",21,"",,"",,,,,,"","",,,,,,,,,,,,,,,"ligprep_tgfb_alphafold.maegz",21,53161,"W0NIMl0xW0NIMl1OKEMoPU8pW0NIM10pW0NIMl1bQ0gyXU4xYzJbY0hdYyhPW0NIM10pYyhbY0hdW2NIXTIpW05IXWMzbltjSF1jKENsKWMobjMpLWM0W2NIXW5jKG40NSljKEYpW2NIXVtjSF1bY0hdNQ==","J2VwaWtfcHl0aG9uJywgJy1waCcsICc3LjAnLCAnLXRuJywgJzgnLCAnLW1hJywgJzUwMCcsICctaW1hZScsICc8aW5maWxlLm1hZT4nLCAnLW9tYWUnLCAnPG91dGZpbGUubWFlPic=",0.0132,0.0005,0.0127,0.0099,0.010,0,0,"",0,"S-OPLS",71.270,true,"ligprep_tgfb_alphafold.maegz:21-1","glide-dock_SP_tgfb_alphafold",,,,,,,,,,,"",,"glide-grid_tgfb2",30,6,-7.660,-0.219,-0.716,-1.681,-7.670,-2.785,-0.343,0.000,-1.183,-49.320,-7.839,0.332,-0.048,-81.038,-57.159,5.302,16,193,0.010,,,,,,,,,,,"","","CHEMBL1809198","None",false,0,1.000,
,"ligprep_tgfb_alphafold.maegz:29","2657","tgfb_alphafold.29","2021-08-27 11:15:40","2021-08-27 11:15:40","","",,,,,,,"",,"","","",,,,"",,,"","","/home/dell15/KING/Projects/202107_dnndr2/DNNDR2_MD_TGFB/structures/tgfb_alphafold","tgfb_alphafold.sdf",29,"",,"",,,,,,"","",,,,,,,,,,,,,,,"ligprep_tgfb_alphafold.maegz",29,53161,"W0NIMl0xW0NIMl1OKEMoPU8pW0NIM10pW0NIMl1bQ0gyXU4xYzJbY0hdYyhPW0NIM10pYyhbY0hdW2NIXTIpW05IXWMzbltjSF1jKENsKWMobjMpLWM0W2NIXW5jKG40NSlbY0hdW2NIXWMoRilbY0hdNQ==","J2VwaWtfcHl0aG9uJywgJy1waCcsICc3LjAnLCAnLXRuJywgJzgnLCAnLW1hJywgJzUwMCcsICctaW1hZScsICc8aW5maWxlLm1hZT4nLCAnLW9tYWUnLCAnPG91dGZpbGUubWFlPic=",0.0149,0.0022,0.0127,0.0099,0.012,0,0,"",0,"S-OPLS",69.187,true,"ligprep_tgfb_alphafold.maegz:29-1","glide-dock_SP_tgfb_alphafold",,,,,,,,,,,"",,"glide-grid_tgfb2",46,6,-7.560,-0.216,-0.707,-1.660,-7.570,-2.932,-0.160,0.000,-1.339,-51.715,-5.603,0.332,-0.045,-78.591,-57.319,8.611,17,22,0.010,,,,,,,,,,,"","","CHEMBL1809224","None",false,0,1.000,
,"ligprep_tgfb_alphafold.maegz:8","2658","tgfb_alphafold.8","2021-08-27 11:15:40","2021-08-27 11:15:40","","",,,,,,,"",,"","","",,,,"",,,"","","/home/dell15/KING/Projects/202107_dnndr2/DNNDR2_MD_TGFB/structures/tgfb_alphafold","tgfb_alphafold.sdf",8,"",,"",,,,,,"","",,,,,,,,,,,,,,,"ligprep_tgfb_alphafold.maegz",8,53161,"W05IMl1jMW5bY0hdbmMoYzEyKW4oW0NAQEhdM1tDSDJdW0NIMl1PW0NIMl0zKW5jMi1jNFtjSF1jKFtPSF0pYyhDbClbY0hdW2NIXTQ=","J2VwaWtfcHl0aG9uJywgJy1waCcsICc3LjAnLCAnLXRuJywgJzgnLCAnLW1hJywgJzUwMCcsICctaW1hZScsICc8aW5maWxlLm1hZT4nLCAnLW9tYWUnLCAnPG91dGZpbGUubWFlPic=",1.7311,1.7305,0.0006,1.8388,3.569,-1,1,"",0,"S-OPLS",23.027,true,"ligprep_tgfb_alphafold.maegz:8-2","glide-dock_SP_tgfb_alphafold",,,,,,,,,,,"",,"glide-grid_tgfb2",12,2,-7.525,-0.327,-0.930,-1.820,-9.364,-3.269,-0.416,0.000,-2.927,-41.010,-6.971,0.344,0.000,-75.209,-47.980,1.331,11,35,1.839,,,,,,,,,,,"","","CHEMBL1241768","None",false,0,,
,"ligprep_tgfb_alphafold.maegz:14","2659","tgfb_alphafold.14","2021-08-27 11:15:40","2021-08-27 11:15:40","","",,,,,,,"",,"","","",,,,"",,,"","","/home/dell15/KING/Projects/202107_dnndr2/DNNDR2_MD_TGFB/structures/tgfb_alphafold","tgfb_alphafold.sdf",14,"",,"",,,,,,"","",,,,,,,,,,,,,,,"ligprep_tgfb_alphafold.maegz",14,53161,"W0NIM11PXE49W0NIXVxjMWMoW05IMl0pbltjSF1uYzFbTkhdYyhbY0hdW2NIXTIpW2NIXWMoYzIzKVtjSF1ubjNbQ0gyXWM0W2NIXWMoQyNOKVtjSF1bY0hdW2NIXTQ=","J2VwaWtfcHl0aG9uJywgJy1waCcsICc3LjAnLCAnLXRuJywgJzgnLCAnLW1hJywgJzUwMCcsICctaW1hZScsICc8aW5maWxlLm1hZT4nLCAnLW9tYWUnLCAnPG91dGZpbGUubWFlPic=",0.0012,0.0000,0.0012,0.0008,0.001,0,0,"This compound has an imine and may undergo hydrolysis.",0,"S-OPLS",37.468,true,"ligprep_tgfb_alphafold.maegz:14-1","glide-dock_SP_tgfb_alphafold",,,,,,,,,,,"",,"glide-grid_tgfb2",20,6,-7.497,-0.250,-0.776,-1.703,-7.498,-3.453,-0.165,0.000,-1.706,-47.776,-3.239,0.740,-0.040,-72.893,-51.016,3.847,4,233,0.001,,,,,,,,,,,"","","CHEMBL255865","None",false,0,1.000,
,"ligprep_tgfb_alphafold.maegz:31","2660","tgfb_alphafold.31","2021-08-27 11:15:40","2021-08-27 11:15:40","","",,,,,,,"",,"","","",,,,"",,,"","","/home/dell15/KING/Projects/202107_dnndr2/DNNDR2_MD_TGFB/structures/tgfb_alphafold","tgfb_alphafold.sdf",31,"",,"",,,,,,"","",,,,,,,,,,,,,,,"ligprep_tgfb_alphafold.maegz",31,53161,"W0NIM11DKD1PKU4oW0NIMl0xKVtDSDJdW0NIXTFPYzJbY0hdYyhPW0NIM10pYyhbY0hdW2NIXTIpW05IXWMzbltjSF1jKENsKWMobjMpLWM0W2NIXW5jKG40NSlbY0hdW2NIXVtjSF1bY0hdNQ==","J2VwaWtfcHl0aG9uJywgJy1waCcsICc3LjAnLCAnLXRuJywgJzgnLCAnLW1hJywgJzUwMCcsICctaW1hZScsICc8aW5maWxlLm1hZT4nLCAnLW9tYWUnLCAnPG91dGZpbGUubWFlPic=",0.0178,0.0178,0.0000,0.0141,0.032,0,0,"",0,"S-OPLS",43.826,true,"ligprep_tgfb_alphafold.maegz:31-1","glide-dock_SP_tgfb_alphafold",,,,,,,,,,,"",,"glide-grid_tgfb2",50,7,-7.454,-0.226,-0.725,-1.658,-7.468,-3.395,-0.153,0.000,-0.901,-50.487,-5.937,0.466,-0.071,-78.367,-56.423,5.780,311,183,0.014,,,,,,,,,,,"","","CHEMBL1809051","None",false,0,1.000,
,"ligprep_tgfb_alphafold.maegz:18","2661","tgfb_alphafold.18","2021-08-27 11:15:40","2021-08-27 11:15:40","","",,,,,,,"",,"","","",,,,"",,,"","","/home/dell15/KING/Projects/202107_dnndr2/DNNDR2_MD_TGFB/structures/tgfb_alphafold","tgfb_alphafold.sdf",18,"",,"",,,,,,"","",,,,,,,,,,,,,,,"ligprep_tgfb_alphafold.maegz",18,53161,"W0NIMl0xW0NIMl1OKEMoPU8pW0NIM10pW0NIMl1bQ0gyXU4xYzJbY0hdYyhPW0NIM10pYyhbY0hdW2NIXTIpW05IXWMzbltjSF1jKENsKWMobjMpLWM0W2NIXW5jKG40NSlbY0hdYyhGKVtjSF1bY0hdNQ==","J2VwaWtfcHl0aG9uJywgJy1waCcsICc3LjAnLCAnLXRuJywgJzgnLCAnLW1hJywgJzUwMCcsICctaW1hZScsICc8aW5maWxlLm1hZT4nLCAnLW9tYWUnLCAnPG91dGZpbGUubWFlPic=",0.0187,0.0060,0.0127,0.0099,0.016,0,0,"",0,"S-OPLS",69.523,true,"ligprep_tgfb_alphafold.maegz:18-1","glide-dock_SP_tgfb_alphafold",,,,,,,,,,,"",,"glide-grid_tgfb2",25,6,-7.403,-0.212,-0.692,-1.625,-7.413,-2.580,-0.480,0.000,-0.976,-50.223,-7.529,0.332,-0.068,-82.460,-57.752,2.233,2,25,0.010,,,,,,,,,,,"","","CHEMBL1809204","None",false,0,1.000,
,"ligprep_tgfb_alphafold.maegz:27","2662","tgfb_alphafold.27","2021-08-27 11:15:40","2021-08-27 11:15:40","","",,,,,,,"",,"","","",,,,"",,,"","","/home/dell15/KING/Projects/202107_dnndr2/DNNDR2_MD_TGFB/structures/tgfb_alphafold","tgfb_alphafold.sdf",27,"",,"",,,,,,"","",,,,,,,,,,,,,,,"ligprep_tgfb_alphafold.maegz",27,53161,"W0NIMl0xW0NIMl1OKEMoPU8pW0NIM10pW0NIMl1bQ0gyXU4xYzJbY0hdYyhPW0NIM10pYyhbY0hdW2NIXTIpW05IXWMzbltjSF1jKENsKWMobjMpLWM0W2NIXW5jKG40NSlbY0hdW2NIXWMoW2NIXTUpQyNO","J2VwaWtfcHl0aG9uJywgJy1waCcsICc3LjAnLCAnLXRuJywgJzgnLCAnLW1hJywgJzUwMCcsICctaW1hZScsICc8aW5maWxlLm1hZT4nLCAnLW9tYWUnLCAnPG91dGZpbGUubWFlPic=",0.0129,0.0002,0.0127,0.0099,0.010,0,0,"",0,"S-OPLS",70.801,true,"ligprep_tgfb_alphafold.maegz:27-1","glide-dock_SP_tgfb_alphafold",,,,,,,,,,,"",,"glide-grid_tgfb2",40,6,-7.355,-0.204,-0.675,-1.605,-7.364,-3.041,-0.032,0.000,-1.316,-58.372,-2.043,0.323,-0.073,-85.069,-60.415,4.954,1,290,0.010,,,,,,,,,,,"","","CHEMBL1809227","None",false,0,1.000,
,"ligprep_tgfb_alphafold.maegz:7","2663","tgfb_alphafold.7","2021-08-27 11:15:40","2021-08-27 11:15:40","","",,,,,,,"",,"","","",,,,"",,,"","","/home/dell15/KING/Projects/202107_dnndr2/DNNDR2_MD_TGFB/structures/tgfb_alphafold","tgfb_alphafold.sdf",7,"",,"",,,,,,"","",,,,,,,,,,,,,,,"ligprep_tgfb_alphafold.maegz",7,53161,"W0NASF0xMltDQEBIXShbQ0gyXTIpW0NIMl1bQ0BASF0oW0NIMl0xKW4obltjSF0zKWMoYzM0KW5jKG5bY0hdNClbTkhdYzVbY0hdYyhuKFtjSF01KVtDSDNdKUMoPU8pTjZbQ0gyXVtDSDJdW0NIMl1bQ0BASF02W0NIMl1bT0hd","J2VwaWtfcHl0aG9uJywgJy1waCcsICc3LjAnLCAnLXRuJywgJzgnLCAnLW1hJywgJzUwMCcsICctaW1hZScsICc8aW5maWxlLm1hZT4nLCAnLW9tYWUnLCAnPG91dGZpbGUubWFlPic=",0.0000,0.0000,0.0000,0.0000,0.000,0,0,"",0,"S-OPLS",36.338,true,"ligprep_tgfb_alphafold.maegz:7-1","glide-dock_SP_tgfb_alphafold",,,,,,,,,,,"",,"glide-grid_tgfb2",10,7,-7.185,-0.232,-0.728,-1.620,-7.185,-2.933,-0.124,0.000,-1.870,-46.851,-3.888,0.669,0.000,-72.928,-50.739,4.003,97,266,0.000,,,,,,,,,,,"","","CHEMBL2012413","None",false,0,1.000,
,"ligprep_tgfb_alphafold.maegz:16","2664","tgfb_alphafold.16","2021-08-27 11:15:40","2021-08-27 11:15:40","","",,,,,,,"",,"","","",,,,"",,,"","","/home/dell15/KING/Projects/202107_dnndr2/DNNDR2_MD_TGFB/structures/tgfb_alphafold","tgfb_alphafold.sdf",16,"",,"",,,,,,"","",,,,,,,,,,,,,,,"ligprep_tgfb_alphafold.maegz",16,53161,"Tz1TKD1PKShbQ0gzXSlbQ0gyXVtDSDJdW05IXWMoc1tjSF0xKW5jMS1jKFtjSF0yKVtjSF1bY0hdYyhjMjMpbltjSF1uYzNbTkhdYyhbY0hdYzRDbClbY0hdW2NIXWM0T1tDSDJdYyhbY0hdYzVGKVtjSF1bY0hdW2NIXTU=","J2VwaWtfcHl0aG9uJywgJy1waCcsICc3LjAnLCAnLXRuJywgJzgnLCAnLW1hJywgJzUwMCcsICctaW1hZScsICc8aW5maWxlLm1hZT4nLCAnLW9tYWUnLCAnPG91dGZpbGUubWFlPic=",0.0043,0.0000,0.0043,0.0000,0.000,0,0,"",0,"S-OPLS",38.464,true,"ligprep_tgfb_alphafold.maegz:16-1","glide-dock_SP_tgfb_alphafold",,,,,,,,,,,"",,"glide-grid_tgfb2",23,10,-7.176,-0.184,-0.624,-1.539,-7.176,-3.168,0.000,0.000,-0.443,-59.855,-5.171,0.449,-0.246,-92.412,-65.025,4.209,119,377,0.000,,,,,,,,,,,"","","CHEMBL155761","None",false,0,1.000,
,"ligprep_tgfb_alphafold.maegz:22","2665","tgfb_alphafold.22","2021-08-27 11:15:40","2021-08-27 11:15:40","","",,,,,,,"",,"","","",,,,"",,,"","","/home/dell15/KING/Projects/202107_dnndr2/DNNDR2_MD_TGFB/structures/tgfb_alphafold","tgfb_alphafold.sdf",22,"",,"",,,,,,"","",,,,,,,,,,,,,,,"ligprep_tgfb_alphafold.maegz",22,53161,"W0NIMl0xW0NIMl1PW0NIMl1bQ0gyXU4xW0NIMl1bQ0gyXVtDSDJdT2MoYyhbY0hdMilPW0NIM10pW2NIXWMoYzIzKW5bY0hdbmMzW05IXWM0W2NIXW5jKG5bY0hdNClbTkhdQyg9TyljNVtjSF1jKENsKWMoRilbY0hdW2NIXTU=","J2VwaWtfcHl0aG9uJywgJy1waCcsICc3LjAnLCAnLXRuJywgJzgnLCAnLW1hJywgJzUwMCcsICctaW1hZScsICc8aW5maWxlLm1hZT4nLCAnLW9tYWUnLCAnPG91dGZpbGUubWFlPic=",0.4089,0.0000,0.4089,0.4064,0.406,0,0,"",0,"S-OPLS",64.633,true,"ligprep_tgfb_alphafold.maegz:22-1","glide-dock_SP_tgfb_alphafold",,,,,,,,,,,"",,"glide-grid_tgfb2",32,11,-7.022,-0.176,-0.600,-1.498,-7.428,-2.652,-0.320,0.000,-0.882,-57.093,-7.490,0.493,-0.089,-86.032,-64.584,13.973,4,181,0.406,,,,,,,,,,,"","","CHEMBL382667","None",false,0,1.000,
,"ligprep_tgfb_alphafold.maegz:19","2666","tgfb_alphafold.19","2021-08-27 11:15:40","2021-08-27 11:15:40","","",,,,,,,"",,"","","",,,,"",,,"","","/home/dell15/KING/Projects/202107_dnndr2/DNNDR2_MD_TGFB/structures/tgfb_alphafold","tgfb_alphafold.sdf",19,"",,"",,,,,,"","",,,,,,,,,,,,,,,"ligprep_tgfb_alphafold.maegz",19,53161,"W2NIXTFbY0hdW2NIXWMoRilbY0hdYzEtbihuW2NIXTIpYyhjMjMpW2NIXW5uYzNbTkhdYzRbY0hdYyhbY0hdW2NIXWM0Q2wpQyg9TylbTkhdW0NIXTVbQ0gyXVtDSDJdNQ==","J2VwaWtfcHl0aG9uJywgJy1waCcsICc3LjAnLCAnLXRuJywgJzgnLCAnLW1hJywgJzUwMCcsICctaW1hZScsICc8aW5maWxlLm1hZT4nLCAnLW9tYWUnLCAnPG91dGZpbGUubWFlPic=",0.0013,0.0000,0.0013,0.0000,0.000,0,0,"",0,"S-OPLS",45.969,true,"ligprep_tgfb_alphafold.maegz:19-1","glide-dock_SP_tgfb_alphafold",,,,,,,,,,,"",,"glide-grid_tgfb2",27,6,-6.970,-0.232,-0.722,-1.584,-6.970,-3.796,0.000,0.000,-1.049,-53.797,-0.301,0.665,-0.054,-73.399,-54.099,7.470,67,366,0.000,,,,,,,,,,,"","","CHEMBL1088440","None",false,0,1.000,
,"ligprep_tgfb_alphafold.maegz:24","2667","tgfb_alphafold.24","2021-08-27 11:15:40","2021-08-27 11:15:40","","",,,,,,,"",,"","","",,,,"",,,"","","/home/dell15/KING/Projects/202107_dnndr2/DNNDR2_MD_TGFB/structures/tgfb_alphafold","tgfb_alphafold.sdf",24,"",,"",,,,,,"","",,,,,,,,,,,,,,,"ligprep_tgfb_alphafold.maegz",24,53161,"W2NIXTFbY0hdW2NIXWMoRilbY0hdYzFbQ0gyXW4ybltjSF1jKGMyMylbY0hdYyhbY0hdW2NIXTMpW05IXWM0bltjSF1uYyhbTkgyXSljNC9bQ0hdPU4vT1tDSDJdW0NIMl1PW0NIM10=","J2VwaWtfcHl0aG9uJywgJy1waCcsICc3LjAnLCAnLXRuJywgJzgnLCAnLW1hJywgJzUwMCcsICctaW1hZScsICc8aW5maWxlLm1hZT4nLCAnLW9tYWUnLCAnPG91dGZpbGUubWFlPic=",0.0012,0.0000,0.0012,0.0007,0.001,0,0,"This compound has an imine and may undergo hydrolysis.",0,"S-OPLS",39.370,true,"ligprep_tgfb_alphafold.maegz:24-1","glide-dock_SP_tgfb_alphafold",,,,,,,,,,,"",,"glide-grid_tgfb2",36,9,-6.884,-0.215,-0.683,-1.542,-6.885,-3.478,-0.160,0.000,-0.883,-48.263,-4.342,0.841,-0.140,-71.397,-52.605,6.857,248,395,0.001,,,,,,,,,,,"","","CHEMBL255237","None",false,0,1.000,
,"ligprep_tgfb_alphafold.maegz:6","2668","tgfb_alphafold.6","2021-08-27 11:15:40","2021-08-27 11:15:40","","",,,,,,,"",,"","","",,,,"",,,"","","/home/dell15/KING/Projects/202107_dnndr2/DNNDR2_MD_TGFB/structures/tgfb_alphafold","tgfb_alphafold.sdf",6,"",,"",,,,,,"","",,,,,,,,,,,,,,,"ligprep_tgfb_alphafold.maegz",6,53161,"W0NIMl0xW0NIMl1PW0NIMl1bQ0gyXU4xW0NIMl1bQ0gyXUMjQ0MoPU8pW05IXWMoW2NIXTIpbltjSF1jKGMyMyluW2NIXW5jM1tOSF1jNFtjSF1bY0hdYyhGKWMoQ2wpW2NIXTQ=","J2VwaWtfcHl0aG9uJywgJy1waCcsICc3LjAnLCAnLXRuJywgJzgnLCAnLW1hJywgJzUwMCcsICctaW1hZScsICc8aW5maWxlLm1hZT4nLCAnLW9tYWUnLCAnPG91dGZpbGUubWFlPic=",0.0560,0.0000,0.0560,0.0483,0.048,0,0,"",0,"S-OPLS",41.111,true,"ligprep_tgfb_alphafold.maegz:6-1","glide-dock_SP_tgfb_alphafold",,,,,,,,,,,"",,"glide-grid_tgfb2",8,8,-6.747,-0.211,-0.669,-1.511,-6.795,-2.801,-0.160,0.000,-0.960,-49.873,-7.061,0.679,-0.000,-80.272,-56.934,2.290,83,398,0.048,,,,,,,,,,,"","","CHEMBL203661","None",false,0,,
,"ligprep_tgfb_alphafold.maegz:13","2669","tgfb_alphafold.13","2021-08-27 11:15:40","2021-08-27 11:15:40","","",,,,,,,"",,"","","",,,,"",,,"","","/home/dell15/KING/Projects/202107_dnndr2/DNNDR2_MD_TGFB/structures/tgfb_alphafold","tgfb_alphafold.sdf",13,"",,"",,,,,,"","",,,,,,,,,,,,,,,"ligprep_tgfb_alphafold.maegz",13,53161,"W2NIXTFbY0hdYyhGKVtjSF1bY0hdYzEtbihuW2NIXTIpYyhjMjMpW2NIXW5uYzNbTkhdYzRbY0hdYyhbY0hdW2NIXWM0Q2wpQyg9TylbTkhdW0NIXTVbQ0gyXVtDSDJdNQ==","J2VwaWtfcHl0aG9uJywgJy1waCcsICc3LjAnLCAnLXRuJywgJzgnLCAnLW1hJywgJzUwMCcsICctaW1hZScsICc8aW5maWxlLm1hZT4nLCAnLW9tYWUnLCAnPG91dGZpbGUubWFlPic=",0.0015,0.0000,0.0015,0.0000,0.000,0,0,"",0,"S-OPLS",44.159,true,"ligprep_tgfb_alphafold.maegz:13-1","glide-dock_SP_tgfb_alphafold",,,,,,,,,,,"",,"glide-grid_tgfb2",19,6,-6.719,-0.224,-0.696,-1.527,-6.719,-3.005,0.000,0.000,-1.083,-50.706,-4.401,0.665,-0.100,-76.497,-55.107,2.423,4,156,0.000,,,,,,,,,,,"","","CHEMBL1088441","None",false,0,1.000,
,"ligprep_tgfb_alphafold.maegz:26","2670","tgfb_alphafold.26","2021-08-27 11:15:40","2021-08-27 11:15:40","","",,,,,,,"",,"","","",,,,"",,,"","","/home/dell15/KING/Projects/202107_dnndr2/DNNDR2_MD_TGFB/structures/tgfb_alphafold","tgfb_alphafold.sdf",26,"",,"",,,,,,"","",,,,,,,,,,,,,,,"ligprep_tgfb_alphafold.maegz",26,53161,"W2NIXTFbY0hdYyhGKVtjSF1jKEYpYzEtbihuW2NIXTIpYyhjMjMpW2NIXW5uYzNPYzRbY0hdYyhbY0hdW2NIXWM0Q2wpQyg9TylbTkhdW0NIXTVbQ0gyXVtDSDJdNQ==","J2VwaWtfcHl0aG9uJywgJy1waCcsICc3LjAnLCAnLXRuJywgJzgnLCAnLW1hJywgJzUwMCcsICctaW1hZScsICc8aW5maWxlLm1hZT4nLCAnLW9tYWUnLCAnPG91dGZpbGUubWFlPic=",0.0000,0.0000,0.0000,0.0000,0.000,0,0,"",0,"S-OPLS",42.457,true,"ligprep_tgfb_alphafold.maegz:26-1","glide-dock_SP_tgfb_alphafold",,,,,,,,,,,"",,"glide-grid_tgfb2",39,6,-6.556,-0.211,-0.664,-1.479,-6.556,-2.775,-0.190,0.000,-0.921,-47.147,-5.278,0.614,-0.135,-70.923,-52.425,3.918,9,25,0.000,,,,,,,,,,,"","","CHEMBL1088167","None",false,0,1.000,
,"ligprep_tgfb_alphafold.maegz:6","2671","tgfb_alphafold.6","2021-08-27 11:15:40","2021-08-27 11:15:40","","",,,,,,,"",,"","","",,,,"",,,"","","/home/dell15/KING/Projects/202107_dnndr2/DNNDR2_MD_TGFB/structures/tgfb_alphafold","tgfb_alphafold.sdf",6,"",,"",,,,,,"","",,,,,,,,,,,,,,,"ligprep_tgfb_alphafold.maegz",6,53161,"W0NIMl0xW0NIMl1PW0NIMl1bQ0gyXU4xW0NIMl1bQ0gyXUMjQ0MoPU8pW05IXWMoW2NIXTIpbltjSF1jKGMyMyluW2NIXW5jM1tOSF1jNFtjSF1bY0hdYyhGKWMoQ2wpW2NIXTQ=","J2VwaWtfcHl0aG9uJywgJy1waCcsICc3LjAnLCAnLXRuJywgJzgnLCAnLW1hJywgJzUwMCcsICctaW1hZScsICc8aW5maWxlLm1hZT4nLCAnLW9tYWUnLCAnPG91dGZpbGUubWFlPic=",1.4254,1.4254,0.0000,1.5095,2.935,1,1,"",0,"S-OPLS",49.315,true,"ligprep_tgfb_alphafold.maegz:6-2","glide-dock_SP_tgfb_alphafold",,,,,,,,,,,"",,"glide-grid_tgfb2",9,8,-6.350,-0.198,-0.630,-1.422,-7.860,-3.209,-0.342,0.000,-1.119,-44.327,-9.784,0.677,-0.182,-83.646,-54.110,2.165,2,54,1.510,,,,,,,,,,,"","","CHEMBL203661","None",false,0,,
,"ligprep_tgfb_alphafold.maegz:10","2672","tgfb_alphafold.10","2021-08-27 11:15:40","2021-08-27 11:15:40","","",,,,,,,"",,"","","",,,,"",,,"","","/home/dell15/KING/Projects/202107_dnndr2/DNNDR2_MD_TGFB/structures/tgfb_alphafold","tgfb_alphafold.sdf",10,"",,"",,,,,,"","",,,,,,,,,,,,,,,"ligprep_tgfb_alphafold.maegz",10,53161,"W09IXWMxYyhbTitdKD1PKVtPLV0pW2NIXWMoW2NIXVtjSF0xKVtOSF1jKG5bY0hdbjIpYyhjMjMpc2M0YzNbY0hdW2NIXVtjSF1uNA==","J2VwaWtfcHl0aG9uJywgJy1waCcsICc3LjAnLCAnLXRuJywgJzgnLCAnLW1hJywgJzUwMCcsICctaW1hZScsICc8aW5maWxlLm1hZT4nLCAnLW9tYWUnLCAnPG91dGZpbGUubWFlPic=",1.2993,1.2993,0.0000,1.3731,2.672,-1,3,"",0,"S-OPLS",44.045,true,"ligprep_tgfb_alphafold.maegz:10-2","glide-dock_SP_tgfb_alphafold",,,,,,,,,,,"",,"glide-grid_tgfb2",16,3,-6.340,-0.264,-0.762,-1.517,-7.713,-3.008,-0.338,0.000,-1.924,-42.577,-4.294,0.330,0.000,-73.720,-46.871,1.670,4,333,1.373,,,,,,,,,,,"","","CHEMBL2153530","None",false,0,,
,"ligprep_tgfb_alphafold.maegz:28","2673","tgfb_alphafold.28","2021-08-27 11:15:40","2021-08-27 11:15:40","","",,,,,,,"",,"","","",,,,"",,,"","","/home/dell15/KING/Projects/202107_dnndr2/DNNDR2_MD_TGFB/structures/tgfb_alphafold","tgfb_alphafold.sdf",28,"",,"",,,,,,"","",,,,,,,,,,,,,,,"ligprep_tgfb_alphafold.maegz",28,53161,"W09IXWMxW2NIXVtjSF1bY0hdYyhDKD1PKVtPSF0pYzFDKD1PKWMyYyhbT0hdKVtjSF1jKFtjSF1jMltPSF0pQyg9TylPW0NASF0oW0NIMl1bQ0BIXShbQ0gyXTMpW09IXSlbQ0BIXTNbTkhdQyg9TyljNFtjSF1bY0hdYyhbT0hdKVtjSF1bY0hdNA==","J2VwaWtfcHl0aG9uJywgJy1waCcsICc3LjAnLCAnLXRuJywgJzgnLCAnLW1hJywgJzUwMCcsICctaW1hZScsICc8aW5maWxlLm1hZT4nLCAnLW9tYWUnLCAnPG91dGZpbGUubWFlPic=",1.7996,1.7930,0.0067,1.8763,3.669,-3,3,"This compound has an ester and may undergo hydrolysis at high or low pH.",0,"S-OPLS",70.558,true,"ligprep_tgfb_alphafold.maegz:28-3","glide-dock_SP_tgfb_alphafold",,,,,,,,,,,"",,"glide-grid_tgfb2",44,12,-6.288,-0.161,-0.547,-1.348,-8.164,-3.238,-0.499,0.000,-0.627,-52.279,-11.642,0.578,-0.018,-95.838,-63.921,10.817,146,207,1.876,,,,,,,,,,,"","","CHEMBL1794808","None",false,0,1.000,
,"ligprep_tgfb_alphafold.maegz:30","2674","tgfb_alphafold.30","2021-08-27 11:15:40","2021-08-27 11:15:40","","",,,,,,,"",,"","","",,,,"",,,"","","/home/dell15/KING/Projects/202107_dnndr2/DNNDR2_MD_TGFB/structures/tgfb_alphafold","tgfb_alphafold.sdf",30,"",,"",,,,,,"","",,,,,,,,,,,,,,,"ligprep_tgfb_alphafold.maegz",30,53161,"W0NIMl0xW0NIMl1PW0NIMl1bQ0gyXU4xW0NIMl1bQ0gyXVtOSF1DKD1PKVxbQ0hdPVtDSF1cYzJjKFtDSDNdKW5bY0hdbmMyW05IXWMzW2NIXWMoQ2wpYyhbY0hdW2NIXTMpT1tDSDJdYzRbY0hdYyhGKVtjSF1bY0hdW2NIXTQ=","J2VwaWtfcHl0aG9uJywgJy1waCcsICc3LjAnLCAnLXRuJywgJzgnLCAnLW1hJywgJzUwMCcsICctaW1hZScsICc8aW5maWxlLm1hZT4nLCAnLW9tYWUnLCAnPG91dGZpbGUubWFlPic=",0.8302,0.8302,0.0000,0.8640,1.694,1,1,"",0,"S-OPLS",53.245,true,"ligprep_tgfb_alphafold.maegz:30-2","glide-dock_SP_tgfb_alphafold",,,,,,,,,,,"",,"glide-grid_tgfb2",49,11,-6.153,-0.166,-0.554,-1.335,-7.017,-2.830,-0.465,0.000,-0.514,-46.003,-9.315,0.741,-0.252,-78.935,-55.318,9.441,105,259,0.864,,,,,,,,,,,"","","CHEMBL1683966","None",false,0,,
,"ligprep_tgfb_alphafold.maegz:5","2675","tgfb_alphafold.5","2021-08-27 11:15:40","2021-08-27 11:15:40","","",,,,,,,"",,"","","",,,,"",,,"","","/home/dell15/KING/Projects/202107_dnndr2/DNNDR2_MD_TGFB/structures/tgfb_alphafold","tgfb_alphafold.sdf",5,"",,"",,,,,,"","",,,,,,,,,,,,,,,"ligprep_tgfb_alphafold.maegz",5,53161,"Q2xjMVtjSF1bY0hdYyhGKWMoQ2wpYzFbQ0BASF0oW0NIM10pW05IXUMoPU8pYyhjMltOSDJdKVtjSF1jKFtjSF1uMiktYyhbY0hdMylbY0hdbm4zW0NIXTRbQ0gyXVtDSDJdT1tDSDJdW0NIMl00","J2VwaWtfcHl0aG9uJywgJy1waCcsICc3LjAnLCAnLXRuJywgJzgnLCAnLW1hJywgJzUwMCcsICctaW1hZScsICc8aW5maWxlLm1hZT4nLCAnLW9tYWUnLCAnPG91dGZpbGUubWFlPic=",0.0006,0.0000,0.0006,0.0002,0.000,0,0,"",0,"S-OPLS",24.262,true,"ligprep_tgfb_alphafold.maegz:5-1","glide-dock_SP_tgfb_alphafold",,,,,,,,,,,"",,"glide-grid_tgfb2",7,6,-6.026,-0.188,-0.598,-1.349,-6.026,-3.316,-0.202,0.000,-0.514,-41.825,-2.249,0.443,-0.008,-58.230,-44.074,3.265,28,254,0.000,,,,,,,,,,,"","","CHEMBL2071450","None",false,0,1.000,
,"ligprep_tgfb_alphafold.maegz:30","2676","tgfb_alphafold.30","2021-08-27 11:15:40","2021-08-27 11:15:40","","",,,,,,,"",,"","","",,,,"",,,"","","/home/dell15/KING/Projects/202107_dnndr2/DNNDR2_MD_TGFB/structures/tgfb_alphafold","tgfb_alphafold.sdf",30,"",,"",,,,,,"","",,,,,,,,,,,,,,,"ligprep_tgfb_alphafold.maegz",30,53161,"W0NIMl0xW0NIMl1PW0NIMl1bQ0gyXU4xW0NIMl1bQ0gyXVtOSF1DKD1PKVxbQ0hdPVtDSF1cYzJjKFtDSDNdKW5bY0hdbmMyW05IXWMzW2NIXWMoQ2wpYyhbY0hdW2NIXTMpT1tDSDJdYzRbY0hdYyhGKVtjSF1bY0hdW2NIXTQ=","J2VwaWtfcHl0aG9uJywgJy1waCcsICc3LjAnLCAnLXRuJywgJzgnLCAnLW1hJywgJzUwMCcsICctaW1hZScsICc8aW5maWxlLm1hZT4nLCAnLW9tYWUnLCAnPG91dGZpbGUubWFlPic=",0.1676,0.0000,0.1676,0.1569,0.157,0,0,"",0,"S-OPLS",48.221,true,"ligprep_tgfb_alphafold.maegz:30-1","glide-dock_SP_tgfb_alphafold",,,,,,,,,,,"",,"glide-grid_tgfb2",48,11,-5.998,-0.162,-0.540,-1.301,-6.154,-2.488,-0.144,0.000,-0.897,-55.172,-3.930,0.744,-0.022,-78.255,-59.102,7.759,4,393,0.157,,,,,,,,,,,"","","CHEMBL1683966","None",false,0,,
,"ligprep_tgfb_alphafold.maegz:29","2677","tgfb_alphafold.29","2021-08-27 11:15:40","2021-08-27 11:15:40","","",,,,,,,"",,"","","",,,,"",,,"","","/home/dell15/KING/Projects/202107_dnndr2/DNNDR2_MD_TGFB/structures/tgfb_alphafold","tgfb_alphafold.sdf",29,"",,"",,,,,,"","",,,,,,,,,,,,,,,"ligprep_tgfb_alphafold.maegz",29,53161,"W0NIMl0xW0NIMl1OKEMoPU8pW0NIM10pW0NIMl1bQ0gyXU4xYzJbY0hdYyhPW0NIM10pYyhbY0hdW2NIXTIpW05IXWMzbltjSF1jKENsKWMobjMpLWM0W2NIXW5jKG40NSlbY0hdW2NIXWMoRilbY0hdNQ==","J2VwaWtfcHl0aG9uJywgJy1waCcsICc3LjAnLCAnLXRuJywgJzgnLCAnLW1hJywgJzUwMCcsICctaW1hZScsICc8aW5maWxlLm1hZT4nLCAnLW9tYWUnLCAnPG91dGZpbGUubWFlPic=",2.2850,2.2850,0.0000,2.4322,4.717,1,1,"",0,"S-OPLS",57.307,true,"ligprep_tgfb_alphafold.maegz:29-2","glide-dock_SP_tgfb_alphafold",,,,,,,,,,,"",,"glide-grid_tgfb2",47,6,-5.750,-0.164,-0.537,-1.262,-8.182,-3.315,-0.160,0.000,-1.659,-51.771,-4.677,0.330,-0.088,-83.111,-56.448,2.739,1,24,2.432,,,,,,,,,,,"","","CHEMBL1809224","None",false,0,1.000,
,"ligprep_tgfb_alphafold.maegz:21","2678","tgfb_alphafold.21","2021-08-27 11:15:40","2021-08-27 11:15:40","","",,,,,,,"",,"","","",,,,"",,,"","","/home/dell15/KING/Projects/202107_dnndr2/DNNDR2_MD_TGFB/structures/tgfb_alphafold","tgfb_alphafold.sdf",21,"",,"",,,,,,"","",,,,,,,,,,,,,,,"ligprep_tgfb_alphafold.maegz",21,53161,"W0NIMl0xW0NIMl1OKEMoPU8pW0NIM10pW0NIMl1bQ0gyXU4xYzJbY0hdYyhPW0NIM10pYyhbY0hdW2NIXTIpW05IXWMzbltjSF1jKENsKWMobjMpLWM0W2NIXW5jKG40NSljKEYpW2NIXVtjSF1bY0hdNQ==","J2VwaWtfcHl0aG9uJywgJy1waCcsICc3LjAnLCAnLXRuJywgJzgnLCAnLW1hJywgJzUwMCcsICctaW1hZScsICc8aW5maWxlLm1hZT4nLCAnLW9tYWUnLCAnPG91dGZpbGUubWFlPic=",2.2833,2.2833,0.0000,2.4322,4.716,1,1,"",0,"S-OPLS",59.129,true,"ligprep_tgfb_alphafold.maegz:21-2","glide-dock_SP_tgfb_alphafold",,,,,,,,,,,"",,"glide-grid_tgfb2",31,6,-5.700,-0.163,-0.533,-1.251,-8.132,-3.536,0.000,0.000,-1.294,-49.736,-7.135,0.330,-0.075,-80.434,-56.872,7.233,31,381,2.432,,,,,,,,,,,"","","CHEMBL1809198","None",false,0,1.000,
,"ligprep_tgfb_alphafold.maegz:1","2679","tgfb_alphafold.1","2021-08-27 11:15:40","2021-08-27 11:15:40","","",,,,,,,"",,"","","",,,,"",,,"","","/home/dell15/KING/Projects/202107_dnndr2/DNNDR2_MD_TGFB/structures/tgfb_alphafold","tgfb_alphafold.sdf",1,"",,"",,,,,,"","",,,,,,,,,,,,,,,"ligprep_tgfb_alphafold.maegz",1,53161,"W0NIM11OKFtDSDNdKWMxW2NIXVtjSF1jKFtjSF1bY0hdMSlDKD1DMltDSF09W0NIXUMoPVtOK10oW0NIM10pW0NIM10pW0NIXT1bQ0hdMiljM1tjSF1bY0hdYyhbY0hdW2NIXTMpTihbQ0gzXSlbQ0gzXQ==","J2VwaWtfcHl0aG9uJywgJy1waCcsICc3LjAnLCAnLXRuJywgJzgnLCAnLW1hJywgJzUwMCcsICctaW1hZScsICc8aW5maWxlLm1hZT4nLCAnLW9tYWUnLCAnPG91dGZpbGUubWFlPic=",2.1462,2.1408,0.0054,2.2799,4.421,2,2,"This compound has an imine and may undergo hydrolysis.",0,"S-OPLS",95.953,true,"ligprep_tgfb_alphafold.maegz:1-2","glide-dock_SP_tgfb_alphafold",,,,,,,,,,,"",,"glide-grid_tgfb2",2,4,-5.671,-0.203,-0.615,-1.309,-7.951,-3.995,0.000,0.000,-1.877,-34.640,-4.163,0.277,0.000,-58.879,-38.803,5.949,1,218,2.280,,,,,,,,,,,"","","CHEMBL1852770","None",false,0,,
,"ligprep_tgfb_alphafold.maegz:15","2680","tgfb_alphafold.15","2021-08-27 11:15:40","2021-08-27 11:15:40","","",,,,,,,"",,"","","",,,,"",,,"","","/home/dell15/KING/Projects/202107_dnndr2/DNNDR2_MD_TGFB/structures/tgfb_alphafold","tgfb_alphafold.sdf",15,"",,"",,,,,,"","",,,,,,,,,,,,,,,"ligprep_tgfb_alphafold.maegz",15,53161,"W0NIXTE9W0NIXUMoPVtOK10oW0NIM10pW0NIM10pW0NIXT1bQ0hdQzE9QyhjMltjSF1bY0hdYyhOKFtDSDNdKVtDSDNdKVtjSF1bY0hdMiljM1tjSF1bY0hdYyhOKFtDSDNdKVtDSDNdKVtjSF1bY0hdMw==","J2VwaWtfcHl0aG9uJywgJy1waCcsICc3LjAnLCAnLXRuJywgJzgnLCAnLW1hJywgJzUwMCcsICctaW1hZScsICc8aW5maWxlLm1hZT4nLCAnLW9tYWUnLCAnPG91dGZpbGUubWFlPic=",2.1462,2.1408,0.0054,2.2799,4.421,2,2,"This compound has an imine and may undergo hydrolysis.",0,"S-OPLS",95.953,true,"ligprep_tgfb_alphafold.maegz:15-2","glide-dock_SP_tgfb_alphafold",,,,,,,,,,,"",,"glide-grid_tgfb2",22,4,-5.671,-0.203,-0.615,-1.309,-7.951,-3.995,0.000,0.000,-1.877,-34.640,-4.163,0.277,0.000,-58.879,-38.803,5.949,1,218,2.280,,,,,,,,,,,"","","CHEMBL1790020","None",false,0,,
,"ligprep_tgfb_alphafold.maegz:25","2681","tgfb_alphafold.25","2021-08-27 11:15:40","2021-08-27 11:15:40","","",,,,,,,"",,"","","",,,,"",,,"","","/home/dell15/KING/Projects/202107_dnndr2/DNNDR2_MD_TGFB/structures/tgfb_alphafold","tgfb_alphafold.sdf",25,"",,"",,,,,,"","",,,,,,,,,,,,,,,"ligprep_tgfb_alphafold.maegz",25,53161,"W0NIMl0xW0NIMl1OKEMoPU8pW0NIM10pW0NIMl1bQ0gyXU4xYzJbY0hdYyhPW0NIM10pYyhbY0hdW2NIXTIpW05IXWMzbltjSF1jKENsKWMobjMpLWM0W2NIXW5jKG40NSljKEYpW2NIXWMoRilbY0hdNQ==","J2VwaWtfcHl0aG9uJywgJy1waCcsICc3LjAnLCAnLXRuJywgJzgnLCAnLW1hJywgJzUwMCcsICctaW1hZScsICc8aW5maWxlLm1hZT4nLCAnLW9tYWUnLCAnPG91dGZpbGUubWFlPic=",2.2829,2.2829,0.0000,2.4322,4.715,1,1,"",0,"S-OPLS",55.966,true,"ligprep_tgfb_alphafold.maegz:25-2","glide-dock_SP_tgfb_alphafold",,,,,,,,,,,"",,"glide-grid_tgfb2",38,6,-5.627,-0.156,-0.516,-1.228,-8.059,-3.358,0.000,0.000,-1.452,-50.229,-6.674,0.309,-0.046,-83.426,-56.903,3.166,4,286,2.432,,,,,,,,,,,"","","CHEMBL1809229","None",false,0,1.000,
,"ligprep_tgfb_alphafold.maegz:18","2682","tgfb_alphafold.18","2021-08-27 11:15:40","2021-08-27 11:15:40","","",,,,,,,"",,"","","",,,,"",,,"","","/home/dell15/KING/Projects/202107_dnndr2/DNNDR2_MD_TGFB/structures/tgfb_alphafold","tgfb_alphafold.sdf",18,"",,"",,,,,,"","",,,,,,,,,,,,,,,"ligprep_tgfb_alphafold.maegz",18,53161,"W0NIMl0xW0NIMl1OKEMoPU8pW0NIM10pW0NIMl1bQ0gyXU4xYzJbY0hdYyhPW0NIM10pYyhbY0hdW2NIXTIpW05IXWMzbltjSF1jKENsKWMobjMpLWM0W2NIXW5jKG40NSlbY0hdYyhGKVtjSF1bY0hdNQ==","J2VwaWtfcHl0aG9uJywgJy1waCcsICc3LjAnLCAnLXRuJywgJzgnLCAnLW1hJywgJzUwMCcsICctaW1hZScsICc8aW5maWxlLm1hZT4nLCAnLW9tYWUnLCAnPG91dGZpbGUubWFlPic=",2.2889,2.2889,0.0000,2.4322,4.721,1,1,"",0,"S-OPLS",55.083,true,"ligprep_tgfb_alphafold.maegz:18-2","glide-dock_SP_tgfb_alphafold",,,,,,,,,,,"",,"glide-grid_tgfb2",26,6,-5.572,-0.159,-0.521,-1.223,-8.004,-3.465,-0.001,0.000,-1.133,-49.332,-7.956,0.330,-0.075,-81.391,-57.289,7.756,4,298,2.432,,,,,,,,,,,"","","CHEMBL1809204","None",false,0,1.000,
,"ligprep_tgfb_alphafold.maegz:23","2683","tgfb_alphafold.23","2021-08-27 11:15:40","2021-08-27 11:15:40","","",,,,,,,"",,"","","",,,,"",,,"","","/home/dell15/KING/Projects/202107_dnndr2/DNNDR2_MD_TGFB/structures/tgfb_alphafold","tgfb_alphafold.sdf",23,"",,"",,,,,,"","",,,,,,,,,,,,,,,"ligprep_tgfb_alphafold.maegz",23,53161,"W0NIMl0xW0NIMl1OKEMoPU8pW0NIM10pW0NIMl1bQ0gyXU4xYzJbY0hdYyhPW0NIM10pYyhbY0hdW2NIXTIpW05IXWMzbltjSF1jKENsKWMobjMpLWM0W2NIXW5jKG40NSljKEMjTilbY0hdW2NIXVtjSF01","J2VwaWtfcHl0aG9uJywgJy1waCcsICc3LjAnLCAnLXRuJywgJzgnLCAnLW1hJywgJzUwMCcsICctaW1hZScsICc8aW5maWxlLm1hZT4nLCAnLW9tYWUnLCAnPG91dGZpbGUubWFlPic=",2.2828,2.2828,0.0000,2.4322,4.715,1,1,"",0,"S-OPLS",59.976,true,"ligprep_tgfb_alphafold.maegz:23-2","glide-dock_SP_tgfb_alphafold",,,,,,,,,,,"",,"glide-grid_tgfb2",35,6,-5.562,-0.154,-0.510,-1.213,-7.994,-3.243,-0.024,0.000,-1.631,-57.164,-3.182,0.322,-0.082,-82.884,-60.346,9.546,35,207,2.432,,,,,,,,,,,"","","CHEMBL1809203","None",false,0,1.000,
,"ligprep_tgfb_alphafold.maegz:27","2684","tgfb_alphafold.27","2021-08-27 11:15:40","2021-08-27 11:15:40","","",,,,,,,"",,"","","",,,,"",,,"","","/home/dell15/KING/Projects/202107_dnndr2/DNNDR2_MD_TGFB/structures/tgfb_alphafold","tgfb_alphafold.sdf",27,"",,"",,,,,,"","",,,,,,,,,,,,,,,"ligprep_tgfb_alphafold.maegz",27,53161,"W0NIMl0xW0NIMl1OKEMoPU8pW0NIM10pW0NIMl1bQ0gyXU4xYzJbY0hdYyhPW0NIM10pYyhbY0hdW2NIXTIpW05IXWMzbltjSF1jKENsKWMobjMpLWM0W2NIXW5jKG40NSlbY0hdW2NIXWMoW2NIXTUpQyNO","J2VwaWtfcHl0aG9uJywgJy1waCcsICc3LjAnLCAnLXRuJywgJzgnLCAnLW1hJywgJzUwMCcsICctaW1hZScsICc8aW5maWxlLm1hZT4nLCAnLW9tYWUnLCAnPG91dGZpbGUubWFlPic=",2.2830,2.2830,0.0000,2.4322,4.715,1,1,"",0,"S-OPLS",53.379,true,"ligprep_tgfb_alphafold.maegz:27-2","glide-dock_SP_tgfb_alphafold",,,,,,,,,,,"",,"glide-grid_tgfb2",41,6,-5.214,-0.145,-0.478,-1.138,-7.646,-3.248,-0.024,0.000,-1.288,-53.176,-4.143,0.322,-0.128,-83.073,-57.319,4.110,11,344,2.432,,,,,,,,,,,"","","CHEMBL1809227","None",false,0,1.000,
,"ligprep_tgfb_alphafold.maegz:9","2685","tgfb_alphafold.9","2021-08-27 11:15:40","2021-08-27 11:15:40","","",,,,,,,"",,"","","",,,,"",,,"","","/home/dell15/KING/Projects/202107_dnndr2/DNNDR2_MD_TGFB/structures/tgfb_alphafold","tgfb_alphafold.sdf",9,"",,"",,,,,,"","",,,,,,,,,,,,,,,"ligprep_tgfb_alphafold.maegz",9,53161,"W0NIMl0xW0NIMl1OKEMoPU8pW0NIM10pW0NIMl1bQ0gyXU4xYzJbY0hdYyhPW0NIM10pYyhbY0hdW2NIXTIpW05IXWMzbltjSF1jKENsKWMobjMpLWM0W2NIXW5jKG40NSlbY0hdYyhDI04pW2NIXVtjSF01","J2VwaWtfcHl0aG9uJywgJy1waCcsICc3LjAnLCAnLXRuJywgJzgnLCAnLW1hJywgJzUwMCcsICctaW1hZScsICc8aW5maWxlLm1hZT4nLCAnLW9tYWUnLCAnPG91dGZpbGUubWFlPic=",2.2830,2.2830,0.0000,2.4322,4.715,1,1,"",0,"S-OPLS",55.684,true,"ligprep_tgfb_alphafold.maegz:9-2","glide-dock_SP_tgfb_alphafold",,,,,,,,,,,"",,"glide-grid_tgfb2",14,6,-5.182,-0.144,-0.475,-1.131,-7.614,-2.929,-0.159,0.000,-1.178,-51.606,-6.528,0.322,-0.111,-81.669,-58.134,7.710,38,335,2.432,,,,,,,,,,,"","","CHEMBL1809221","None",false,0,1.000,
,"ligprep_tgfb_alphafold.maegz:31","2686","tgfb_alphafold.31","2021-08-27 11:15:40","2021-08-27 11:15:40","","",,,,,,,"",,"","","",,,,"",,,"","","/home/dell15/KING/Projects/202107_dnndr2/DNNDR2_MD_TGFB/structures/tgfb_alphafold","tgfb_alphafold.sdf",31,"",,"",,,,,,"","",,,,,,,,,,,,,,,"ligprep_tgfb_alphafold.maegz",31,53161,"W0NIM11DKD1PKU4oW0NIMl0xKVtDSDJdW0NIXTFPYzJbY0hdYyhPW0NIM10pYyhbY0hdW2NIXTIpW05IXWMzbltjSF1jKENsKWMobjMpLWM0W2NIXW5jKG40NSlbY0hdW2NIXVtjSF1bY0hdNQ==","J2VwaWtfcHl0aG9uJywgJy1waCcsICc3LjAnLCAnLXRuJywgJzgnLCAnLW1hJywgJzUwMCcsICctaW1hZScsICc8aW5maWxlLm1hZT4nLCAnLW9tYWUnLCAnPG91dGZpbGUubWFlPic=",2.0849,0.0000,2.0849,2.2199,2.220,1,1,"",0,"S-OPLS",47.855,true,"ligprep_tgfb_alphafold.maegz:31-2","glide-dock_SP_tgfb_alphafold",,,,,,,,,,,"",,"glide-grid_tgfb2",51,7,-4.991,-0.151,-0.485,-1.110,-7.211,-3.226,-0.145,0.000,-0.690,-49.752,-7.026,0.465,-0.073,-77.079,-56.777,7.740,290,7,2.220,,,,,,,,,,,"","","CHEMBL1809051","None",false,0,1.000,
,"ligprep_tgfb_alphafold.maegz:28","2687","tgfb_alphafold.28","2021-08-27 11:15:40","2021-08-27 11:15:40","","",,,,,,,"",,"","","",,,,"",,,"","","/home/dell15/KING/Projects/202107_dnndr2/DNNDR2_MD_TGFB/structures/tgfb_alphafold","tgfb_alphafold.sdf",28,"",,"",,,,,,"","",,,,,,,,,,,,,,,"ligprep_tgfb_alphafold.maegz",28,53161,"W09IXWMxW2NIXVtjSF1bY0hdYyhDKD1PKVtPSF0pYzFDKD1PKWMyYyhbT0hdKVtjSF1jKFtjSF1jMltPSF0pQyg9TylPW0NASF0oW0NIMl1bQ0BIXShbQ0gyXTMpW09IXSlbQ0BIXTNbTkhdQyg9TyljNFtjSF1bY0hdYyhbT0hdKVtjSF1bY0hdNA==","J2VwaWtfcHl0aG9uJywgJy1waCcsICc3LjAnLCAnLXRuJywgJzgnLCAnLW1hJywgJzUwMCcsICctaW1hZScsICc8aW5maWxlLm1hZT4nLCAnLW9tYWUnLCAnPG91dGZpbGUubWFlPic=",2.1156,1.5204,0.5952,2.2161,3.737,-2,2,"This compound has an ester and may undergo hydrolysis at high or low pH.",0,"S-OPLS",62.666,true,"ligprep_tgfb_alphafold.maegz:28-4","glide-dock_SP_tgfb_alphafold",,,,,,,,,,,"",,"glide-grid_tgfb2",45,13,-4.657,-0.119,-0.405,-0.998,-6.873,-2.332,-0.375,0.000,-0.450,-47.777,-11.813,0.576,-0.130,-91.716,-59.589,3.342,190,360,2.216,,,,,,,,,,,"","","CHEMBL1794808","None",false,0,,
,"ligprep_tgfb_alphafold.maegz:22","2688","tgfb_alphafold.22","2021-08-27 11:15:40","2021-08-27 11:15:40","","",,,,,,,"",,"","","",,,,"",,,"","","/home/dell15/KING/Projects/202107_dnndr2/DNNDR2_MD_TGFB/structures/tgfb_alphafold","tgfb_alphafold.sdf",22,"",,"",,,,,,"","",,,,,,,,,,,,,,,"ligprep_tgfb_alphafold.maegz",22,53161,"W0NIMl0xW0NIMl1PW0NIMl1bQ0gyXU4xW0NIMl1bQ0gyXVtDSDJdT2MoYyhbY0hdMilPW0NIM10pW2NIXWMoYzIzKW5bY0hdbmMzW05IXWM0W2NIXW5jKG5bY0hdNClbTkhdQyg9TyljNVtjSF1jKENsKWMoRilbY0hdW2NIXTU=","J2VwaWtfcHl0aG9uJywgJy1waCcsICc3LjAnLCAnLXRuJywgJzgnLCAnLW1hJywgJzUwMCcsICctaW1hZScsICc8aW5maWxlLm1hZT4nLCAnLW9tYWUnLCAnPG91dGZpbGUubWFlPic=",0.4168,0.4147,0.0020,0.4150,0.830,1,1,"",0,"S-OPLS",70.168,true,"ligprep_tgfb_alphafold.maegz:22-2","glide-dock_SP_tgfb_alphafold",,,,,,,,,,,"",,"glide-grid_tgfb2",33,11,-4.377,-0.109,-0.374,-0.934,-4.792,-1.860,0.000,0.000,-0.776,-37.130,-4.659,0.490,-0.091,-55.742,-41.789,11.091,3,303,0.415,,,,,,,,,,,"","","CHEMBL382667","None",false,0,1.000,
,"ligprep_tgfb_alphafold.maegz:20","2689","tgfb_alphafold.20","2021-08-27 11:15:40","2021-08-27 11:15:40","","",,,,,,,"",,"","","",,,,"",,,"","","/home/dell15/KING/Projects/202107_dnndr2/DNNDR2_MD_TGFB/structures/tgfb_alphafold","tgfb_alphafold.sdf",20,"",,"",,,,,,"","",,,,,,,,,,,,,,,"ligprep_tgfb_alphafold.maegz",20,53161,"W09IXWMxYyhbTitdKD1PKVtPLV0pW2NIXWMoW2NIXVtjSF0xKVtOSF1jKG5bY0hdbjIpYyhjMjMpc2M0YzNuW2NIXVtjSF1bY0hdNA==","J2VwaWtfcHl0aG9uJywgJy1waCcsICc3LjAnLCAnLXRuJywgJzgnLCAnLW1hJywgJzUwMCcsICctaW1hZScsICc8aW5maWxlLm1hZT4nLCAnLW9tYWUnLCAnPG91dGZpbGUubWFlPic=",1.2993,1.2993,0.0000,1.3731,2.672,-1,3,"",0,"S-OPLS",45.543,true,"ligprep_tgfb_alphafold.maegz:20-2","glide-dock_SP_tgfb_alphafold",,,,,,,,,,,"",,"glide-grid_tgfb2",29,3,-4.304,-0.179,-0.517,-1.030,-5.677,-2.059,-0.041,0.000,-1.102,-37.003,-5.396,0.330,-0.146,-63.032,-42.399,0.138,4,247,1.373,,,,,,,,,,,"","","CHEMBL2153540","None",false,0,,
